<?xml version="1.0" encoding="UTF-8" ?>
<!DOCTYPE configuration
        PUBLIC "-//mybatis.org//DTD Config 3.0//EN"
        "http://mybatis.org/dtd/mybatis-3-config.dtd">
<!--核心配置文件-->
<configuration>
    <!--    <settings>-->
    <!--        &lt;!&ndash; 打印查询语句 &ndash;&gt;-->
    <!--        <setting name="logImpl" value="STDOUT_LOGGING" />-->
    <!--    </settings>-->
    <environments default="development">
        <environment id="development">
            <transactionManager type="JDBC"/>
            <dataSource type="POOLED">
                <property name="driver" value="com.mysql.cj.jdbc.Driver"/>
                <property name="url" value="jdbc:mysql://81.70.54.158:3306/JavaEEPtc?useUnicode=true&amp;characterEncoding=utf8&amp;useSSL=true"/>
                <property name="username" value="root"/>
                <property name="password" value="zyc123456"/>
            </dataSource>
        </environment>
    </environments>

    <mappers>
        <mapper resource="mappers/BookMapper.xml"/>
    </mappers>

</configuration>

        <!--<?xml version="1.0" encoding="utf-8"?>-->
        <!--<!DOCTYPE configuration PUBLIC "-//mybatis.org//DTD Config 3.0//EN"-->
        <!--        "http://mybatis.org/dtd/mybatis-3-config.dtd">-->
        <!--<configuration>-->
        <!--    <settings>-->
        <!--        <setting name="mapUnderscoreToCamelCase" value="true"/>-->
        <!--        <setting name="logImpl" value="STDOUT_LOGGING"/>-->
        <!--    </settings>-->
        <!--</configuration>-->