<?xml version="1.0" encoding="UTF-8"?>
<beans xmlns="http://www.springframework.org/schema/beans"
       xmlns:xsi="http://www.w3.org/2001/XMLSchema-instance"
       xmlns:context="http://www.springframework.org/schema/context"
       xmlns:mvc="http://www.springframework.org/schema/mvc"

       xsi:schemaLocation="http://www.springframework.org/schema/beans http://www.springframework.org/schema/beans/spring-beans.xsd http://www.springframework.org/schema/context https://www.springframework.org/schema/context/spring-context.xsd http://www.springframework.org/schema/mvc https://www.springframework.org/schema/mvc/spring-mvc.xsd">
    <context:component-scan base-package="controller,services" />

    <bean id="datasource" class="org.apache.commons.dbcp.BasicDataSource" destroy-method="close">
        <property name="driverClassName" value="com.mysql.cj.jdbc.Driver" />
        <property name="url" value="jdbc:mysql://192.168.1.50:3306/test" />
        <property name="username" value="root" />
        <property name="password" value="mysql123456" />
    </bean>

    <bean id="ssf" class="org.mybatis.spring.SqlSessionFactoryBean">
        <property name="dataSource" ref="datasource" />
        <property name="configLocation" value="classpath:mybatis-config.xml" />
        <property name="typeAliasesPackage" value="entity" />
<!--        <property name="mapperLocations" value="classpath:/mapper/*.xml" />-->
    </bean>
    <bean class="org.mybatis.spring.mapper.MapperScannerConfigurer">
        <property name="sqlSessionFactoryBeanName" value="ssf" />
        <property name="basePackage" value="mapper" />
    </bean>

    <mvc:annotation-driven />
    <bean class="org.springframework.web.servlet.view.InternalResourceViewResolver">
        <property name="suffix" value=".jsp" />
        <property name="prefix" value="/WEB-INF/views/" />
    </bean>
    <!--Spring MVC静态资源-->
    <mvc:resources mapping="/static/**" location="/static/" />
<mvc:default-servlet-handler/>
</beans>