<?xml version="1.0" encoding="UTF-8" ?>
<!DOCTYPE mapper
        PUBLIC "-//mybatis.org//DTD Mapper 3.0//EN"
        "http://mybatis.org/dtd/mybatis-3-mapper.dtd">
<mapper namespace="com.zhangyc.Mapper.BookMapper">

    <insert id="addBook" parameterType="com.zhangyc.pojo.Book">
        insert into sb.book (bookName, author, price)
        values (#{bookName}, #{author} ,#{price});
    </insert>

    <delete id="deleteBook" parameterType="int">
        delete from sb.book where id=#{id};
    </delete>

    <update id="updateBook" parameterType="com.zhangyc.pojo.Book">
        update sb.book set
        bookName=#{bookName},
        author=#{author},
        price=#{price}
        where id=#{id};
    </update>

    <select id="selectBookById" parameterType="int" resultType="com.zhangyc.pojo.Book">
        select * from sb.book where id=#{id};
    </select>

    <select id="selectAllBook" resultType="com.zhangyc.pojo.Book">
        select * from sb.book;
    </select>

    <select id="selectBookByName" resultType="com.zhangyc.pojo.Book">
        select *
        from sb.book where bookName like concat('%',#{bookName},'%');
    </select>

</mapper>