<?xml version="1.0" encoding="UTF-8"?>
<beans xmlns="http://www.springframework.org/schema/beans"
       xmlns:xsi="http://www.w3.org/2001/XMLSchema-instance"
       xmlns:context="http://www.springframework.org/schema/context"
       xsi:schemaLocation="http://www.springframework.org/schema/beans http://www.springframework.org/schema/beans/spring-beans.xsd http://www.springframework.org/schema/context https://www.springframework.org/schema/context/spring-context.xsd">
    <!--1.扫描service下的包-->
    <context:component-scan base-package="com.zhangyc.service"/>

    <!--2.将所有业务类注入到Spring-->
    <bean id="bookServiceImpl" class="com.zhangyc.service.BookServiceImpl">
        <property name="mapper" ref="bookMapper"/>
    </bean>
    <bean id="userServiceImpl" class="com.zhangyc.service.UserServiceImpl">
        <property name="userMapper" ref="userMapper"/>
    </bean>

    <!--3.声明式事务-->
    <bean id="transactionManager" class="org.springframework.jdbc.datasource.DataSourceTransactionManager">
        <!--注入数据源-->
        <property name="dataSource" ref="dataSource"/>
    </bean>

    <!--4.AOP事务支持-->


</beans>
